[
  {
    "nome": "Ecoponto Centro",
    "endereco": "Rua da Paz, 123 - Centro",
    "descricao": "Ponto de coleta especializado em eletrônicos localizado no centro da cidade.",
    "tipoInstituicao": "Ponto de Coleta Público",
    "horarios": "Segunda a Sexta: 8h-18h | Sábado: 8h-12h",
    "caixaColetora": "sim",
    "bairro": "Centro",
    "cep": "40015-010",
    "tiposResiduos": ["Pilhas", "Baterias", "Celulares", "Tablets", "Computadores"],
    "imagem": "https://images.unsplash.com/photo-1578662996442-48f60103fc96?ixlib=rb-4.0.3&auto=format&fit=crop&w=500&q=80",
    "latitude": -12.9714,
    "longitude": -38.5014,
    "linha": "verde"
  },
  {
    "nome": "Recicla Tech Barra",
    "endereco": "Av. Oceânica, 456 - Barra",
    "descricao": "Centro de reciclagem especializado em eletroeletrônicos com ampla estrutura.",
    "tipoInstituicao": "Empresa Privada",
    "horarios": "Segunda a Sábado: 9h-17h",
    "caixaColetora": "sim",
    "bairro": "Barra",
    "cep": "40140-110",
    "tiposResiduos": ["Geladeiras", "Fogões", "Máquinas de Lavar", "Freezers"],
    "imagem": "https://images.unsplash.com/photo-1588872657578-7efd1f1555ed?ixlib=rb-4.0.3&auto=format&fit=crop&w=500&q=80",
    "latitude": -13.0103,
    "longitude": -38.5323,
    "linha": "branca"
  },
  {
    "nome": "Eco Point Rio Vermelho",
    "endereco": "Rua da Graça, 789 - Rio Vermelho",
    "descricao": "Ponto de coleta comunitário para resíduos eletrônicos diversos.",
    "tipoInstituicao": "Associação Comunitária",
    "horarios": "Terça a Domingo: 10h-16h",
    "caixaColetora": "nao",
    "bairro": "Rio Vermelho",
    "cep": "41950-640",
    "tiposResiduos": ["Liquidificadores", "Batedeiras", "Secadores", "Ferros de Passar"],
    "imagem": "https://images.unsplash.com/photo-1558618666-fcd25c85cd64?ixlib=rb-4.0.3&auto=format&fit=crop&w=500&q=80",
    "latitude": -12.9824,
    "longitude": -38.4846,
    "linha": "azul"
  },
  {
    "nome": "Green Tech Pituba",
    "endereco": "Av. ACM, 321 - Pituba",
    "descricao": "Empresa especializada em reciclagem de eletrônicos com certificação ambiental.",
    "tipoInstituicao": "Empresa Especializada",
    "horarios": "Segunda a Sexta: 7h-19h | Sábado: 8h-12h",
    "caixaColetora": "sim",
    "bairro": "Pituba",
    "cep": "41830-000",
    "tiposResiduos": ["TVs", "Aparelhos de Som", "DVDs", "Home Theaters"],
    "imagem": "https://images.unsplash.com/photo-1542601906990-b4d3fb778b09?ixlib=rb-4.0.3&auto=format&fit=crop&w=500&q=80",
    "latitude": -12.9956,
    "longitude": -38.4594,
    "linha": "marrom"
  },
  {
    "nome": "Sustentável Itaigara",
    "endereco": "Rua Prof. Souza, 567 - Itaigara",
    "descricao": "Cooperativa de reciclagem com foco em componentes eletrônicos diversos.",
    "tipoInstituicao": "Cooperativa",
    "horarios": "Segunda a Sexta: 8h-17h",
    "caixaColetora": "nao informado",
    "bairro": "Itaigara",
    "cep": "41815-135",
    "tiposResiduos": ["Cabos", "Baterias", "Pilhas", "Peças Avulsas"],
    "imagem": "https://images.unsplash.com/photo-1565689228866-1d6c6c9e5e3d?ixlib=rb-4.0.3&auto=format&fit=crop&w=500&q=80",
    "latitude": -12.9857,
    "longitude": -38.4532,
    "linha": "outros"
  }
]